{"0": {"epoch_train_loss": 1.8793209791183472, "epoch_val_loss": 1.7181843519210815, "epoch_accuracy": 0.3015645742416382, "epoch_val_accuracy": 0.3636297285556793}, "1": {"epoch_train_loss": 1.6694103479385376, "epoch_val_loss": 1.6129580736160278, "epoch_accuracy": 0.3803147077560425, "epoch_val_accuracy": 0.4022219479084015}, "2": {"epoch_train_loss": 1.5716906785964966, "epoch_val_loss": 1.54216730594635, "epoch_accuracy": 0.42284947633743286, "epoch_val_accuracy": 0.4313656687736511}, "3": {"epoch_train_loss": 1.5039894580841064, "epoch_val_loss": 1.4716084003448486, "epoch_accuracy": 0.45110607147216797, "epoch_val_accuracy": 0.4614596664905548}, "4": {"epoch_train_loss": 1.4457262754440308, "epoch_val_loss": 1.4323029518127441, "epoch_accuracy": 0.4745432138442993, "epoch_val_accuracy": 0.4793054461479187}, "5": {"epoch_train_loss": 1.4009157419204712, "epoch_val_loss": 1.3780831098556519, "epoch_accuracy": 0.49286073446273804, "epoch_val_accuracy": 0.4983513653278351}, "6": {"epoch_train_loss": 1.3541678190231323, "epoch_val_loss": 1.3555335998535156, "epoch_accuracy": 0.5117812156677246, "epoch_val_accuracy": 0.5086992979049683}, "7": {"epoch_train_loss": 1.3199514150619507, "epoch_val_loss": 1.3270552158355713, "epoch_accuracy": 0.5228627324104309, "epoch_val_accuracy": 0.51724773645401}, "8": {"epoch_train_loss": 1.2800549268722534, "epoch_val_loss": 1.29727041721344, "epoch_accuracy": 0.5389239192008972, "epoch_val_accuracy": 0.5253462195396423}, "9": {"epoch_train_loss": 1.2511241436004639, "epoch_val_loss": 1.271329641342163, "epoch_accuracy": 0.5509456396102905, "epoch_val_accuracy": 0.5381938815116882}, "10": {"epoch_train_loss": 1.218765377998352, "epoch_val_loss": 1.251374363899231, "epoch_accuracy": 0.5622056722640991, "epoch_val_accuracy": 0.5483421087265015}, "11": {"epoch_train_loss": 1.1897844076156616, "epoch_val_loss": 1.2166019678115845, "epoch_accuracy": 0.5732863545417786, "epoch_val_accuracy": 0.5611389875411987}, "12": {"epoch_train_loss": 1.1647446155548096, "epoch_val_loss": 1.222130298614502, "epoch_accuracy": 0.5820869207382202, "epoch_val_accuracy": 0.562188982963562}, "13": {"epoch_train_loss": 1.1431071758270264, "epoch_val_loss": 1.18971586227417, "epoch_accuracy": 0.5911474823951721, "epoch_val_accuracy": 0.5671387910842896}, "14": {"epoch_train_loss": 1.123347282409668, "epoch_val_loss": 1.1779124736785889, "epoch_accuracy": 0.5971894264221191, "epoch_val_accuracy": 0.5781359672546387}, "15": {"epoch_train_loss": 1.1060539484024048, "epoch_val_loss": 1.1609545946121216, "epoch_accuracy": 0.6056275963783264, "epoch_val_accuracy": 0.5787868499755859}, "16": {"epoch_train_loss": 1.086177110671997, "epoch_val_loss": 1.1470657587051392, "epoch_accuracy": 0.6104476451873779, "epoch_val_accuracy": 0.5884342193603516}, "17": {"epoch_train_loss": 1.067799687385559, "epoch_val_loss": 1.1373252868652344, "epoch_accuracy": 0.6143083572387695, "epoch_val_accuracy": 0.5897344350814819}, "18": {"epoch_train_loss": 1.0543560981750488, "epoch_val_loss": 1.1272573471069336, "epoch_accuracy": 0.6221497058868408, "epoch_val_accuracy": 0.5935835242271423}, "19": {"epoch_train_loss": 1.037516713142395, "epoch_val_loss": 1.1163536310195923, "epoch_accuracy": 0.6273887157440186, "epoch_val_accuracy": 0.6002320051193237}, "20": {"epoch_train_loss": 1.0222313404083252, "epoch_val_loss": 1.1121915578842163, "epoch_accuracy": 0.6325300335884094, "epoch_val_accuracy": 0.6008320450782776}, "21": {"epoch_train_loss": 1.0075517892837524, "epoch_val_loss": 1.0980552434921265, "epoch_accuracy": 0.6401098966598511, "epoch_val_accuracy": 0.6037812829017639}, "22": {"epoch_train_loss": 0.9957770705223083, "epoch_val_loss": 1.081900715827942, "epoch_accuracy": 0.6418094635009766, "epoch_val_accuracy": 0.6101799607276917}, "23": {"epoch_train_loss": 0.9789813160896301, "epoch_val_loss": 1.0908398628234863, "epoch_accuracy": 0.6480094194412231, "epoch_val_accuracy": 0.6041816473007202}, "24": {"epoch_train_loss": 0.9722023010253906, "epoch_val_loss": 1.0588874816894531, "epoch_accuracy": 0.6525090336799622, "epoch_val_accuracy": 0.624427318572998}, "25": {"epoch_train_loss": 0.9579440355300903, "epoch_val_loss": 1.0526200532913208, "epoch_accuracy": 0.6579092144966125, "epoch_val_accuracy": 0.6264771819114685}, "26": {"epoch_train_loss": 0.9454529285430908, "epoch_val_loss": 1.0547139644622803, "epoch_accuracy": 0.6590705513954163, "epoch_val_accuracy": 0.6229779720306396}, "27": {"epoch_train_loss": 0.932727038860321, "epoch_val_loss": 1.0454552173614502, "epoch_accuracy": 0.6641292572021484, "epoch_val_accuracy": 0.62547767162323}, "28": {"epoch_train_loss": 0.9222012758255005, "epoch_val_loss": 1.0391416549682617, "epoch_accuracy": 0.668011486530304, "epoch_val_accuracy": 0.6290264129638672}, "29": {"epoch_train_loss": 0.9125038385391235, "epoch_val_loss": 1.0426969528198242, "epoch_accuracy": 0.6715501546859741, "epoch_val_accuracy": 0.6280269026756287}, "30": {"epoch_train_loss": 0.8995739817619324, "epoch_val_loss": 1.0278093814849854, "epoch_accuracy": 0.6775698661804199, "epoch_val_accuracy": 0.6345252394676208}, "31": {"epoch_train_loss": 0.8883748054504395, "epoch_val_loss": 1.013080358505249, "epoch_accuracy": 0.6815696954727173, "epoch_val_accuracy": 0.6371249556541443}, "32": {"epoch_train_loss": 0.8806988596916199, "epoch_val_loss": 1.0163546800613403, "epoch_accuracy": 0.6840482950210571, "epoch_val_accuracy": 0.634425699710846}, "33": {"epoch_train_loss": 0.8702564835548401, "epoch_val_loss": 1.0189567804336548, "epoch_accuracy": 0.689889669418335, "epoch_val_accuracy": 0.6368250846862793}, "34": {"epoch_train_loss": 0.8570460081100464, "epoch_val_loss": 1.0038965940475464, "epoch_accuracy": 0.6929702758789062, "epoch_val_accuracy": 0.6375755071640015}, "35": {"epoch_train_loss": 0.8447520136833191, "epoch_val_loss": 1.0149271488189697, "epoch_accuracy": 0.6971498131752014, "epoch_val_accuracy": 0.6392753720283508}, "36": {"epoch_train_loss": 0.8399065732955933, "epoch_val_loss": 1.003637671470642, "epoch_accuracy": 0.697891116142273, "epoch_val_accuracy": 0.6429242491722107}, "37": {"epoch_train_loss": 0.8300715088844299, "epoch_val_loss": 0.9928221106529236, "epoch_accuracy": 0.7030112147331238, "epoch_val_accuracy": 0.645474374294281}, "38": {"epoch_train_loss": 0.8172885179519653, "epoch_val_loss": 0.9919416308403015, "epoch_accuracy": 0.7068105340003967, "epoch_val_accuracy": 0.6505731344223022}, "39": {"epoch_train_loss": 0.812828779220581, "epoch_val_loss": 0.9975273609161377, "epoch_accuracy": 0.7094903588294983, "epoch_val_accuracy": 0.6437242031097412}, "40": {"epoch_train_loss": 0.8040140271186829, "epoch_val_loss": 1.003050684928894, "epoch_accuracy": 0.7123896479606628, "epoch_val_accuracy": 0.6448234915733337}, "41": {"epoch_train_loss": 0.7940851449966431, "epoch_val_loss": 0.9865512847900391, "epoch_accuracy": 0.7121891975402832, "epoch_val_accuracy": 0.650122880935669}, "42": {"epoch_train_loss": 0.7809514999389648, "epoch_val_loss": 0.9995418787002563, "epoch_accuracy": 0.7199102640151978, "epoch_val_accuracy": 0.650473415851593}}